Ticker,roce,roic,po,divgr,shares,debt,rev,ni,fcf,fcfm,cf,equity,score
TPL,5,5,5,5,5,5,5,5,5,4,5,5,330
MCO,5,5,5,4,5,3,4,5,5,3,5,5,302
MED,5,5,3,5,5,5,4,5,5,2,2,4,295
GGG,5,5,4,3,4,5,3,5,3,3,5,3,287
ACN,5,5,4,3,5,5,3,5,4,2,5,5,285
CBOE,5,5,4,5,5,5,3,3,5,4,5,3,284
ROK,5,5,4,3,5,5,3,5,4,3,2,3,269
ROST,5,5,5,5,5,4,4,5,4,4,3,3,265
ADP,5,5,3,3,5,4,4,4,4,2,3,3,258
